마포구, 현대홈타운, 18
마포구, 현대홈타운, 25
마포구, 마포태영, 18
마포구, 마포태영, 25
마포구, 신공덕래미안3차, 18
마포구, 신공덕래미안3차, 25
마포구, 신공덕래미안2차, 18
마포구, 신공덕래미안2차, 25
마포구, 신공덕삼성래미안1차, 18
마포구, 신공덕삼성래미안1차, 25
현석동, 밤섬, 18
현석동, 밤섬, 25
마포구, 래미안웰스트림, 18
마포구, 래미안웰스트림, 25
마포구, 염리삼성, 18
마포구, 염리삼성, 25
마포구, 공덕1삼성래미안, 18
마포구, 공덕2삼성래미안, 18
마포구, 공덕3삼성래미안, 18
마포구, 래미안공덕4차, 18
마포구, 래미안공덕5차, 18
마포구, 공덕1삼성래미안, 25
마포구, 공덕2삼성래미안, 25
마포구, 공덕3삼성래미안, 25
마포구, 래미안공덕4차, 25
마포구, 래미안공덕5차, 25
마포구, 용강삼성래미안, 18
마포구, 용강삼성래미안, 25
마포구, 마포래미안푸르지오, 18
마포구, 마포래미안푸르지오, 18
마포구, 마포자이3차, 18
마포구, 힐스테이트신촌, 18
영등포구 양평동5가, 한신, 18
영등포구 양평동5가, 한신, 25
영등포구 당산동4가, 현대5, 18
당산동, 래미안, 25
본동, 삼성래미안, 18
본동, 삼성래미안, 25
서대문구, DMC파크뷰자이5단지, 18
은평구, 래미안베라힐즈, 18
은평구, 래미안베라힐즈, 25
송파구 가락동, 헬리오시티, 12
송파구 가락동, 헬리오시티, 18
행당동, 행당한진, 18
행당동, 행당한진, 25
신길동, 센트럴아이파크, 18
신길동, 센트럴아이파크, 25
신길동, 래미안에스티움, 18
신길동, 래미안에스티움, 25
신길동, 래미안프레비뉴, 18
신길동, 래미안프레비뉴, 25
신길동, 파크자이, 18
동작구, 신동아리버파크, 18
동작구, 신동아리버파크, 25
북아현동, 신촌푸르지오, 18
북아현동, 신촌푸르지오, 25
북아현동, 신촌e편한세상, 18
북아현동, 신촌e편한세상, 25
창전동, 서강예가, 18
창전동, 서강예가, 25
동대문구, 래미안크레시티, 18
동대문구, 래미안크레시티, 25
전농동, 롯데캐슬, 18
전농동, 롯데캐슬, 25
동작구, 롯데캐슬에듀포레, 18
동작구, 롯데캐슬에듀포레, 25
동작구, 한강현대, 18
동작구, 한강현대, 25
양천구, 목동신시가지1, 14
양천구, 목동신시가지4, 14
양천구, 목동신시가지6, 14
양천구, 목동신시가지10, 16
강동구, 고덕그라시움, 18
강동구, 고덕그라시움, 23
강동구, 고덕롯데캐슬베네루체, 18
강동구, 고덕롯데캐슬베네루체, 25
